,0.000000,1.000000,2.000000,3.000000,4.000000,5.000000,6.000000,7.000000,8.000000,9.000000,10.000000,11.000000,12.000000,13.000000,14.000000,15.000000,16.000000,17.000000,18.000000,19.000000,20.000000,21.000000,22.000000,23.000000,24.000000,25.000000,26.000000,27.000000,28.000000,29.000000,30.000000,31.000000,32.000000,33.000000,34.000000,35.000000,36.000000,37.000000,38.000000,39.000000,40.000000,41.000000,42.000000,43.000000,44.000000,45.000000,46.000000,47.000000,48.000000,49.000000,50.000000,51.000000,52.000000,53.000000,54.000000,55.000000,56.000000,57.000000,58.000000,59.000000
15.000000,-0.001836,-0.001836,-0.002057,-0.002339,-0.002713,-0.003260,-0.004238,-0.010052,-1.121716,-0.568980,-1.132126,-3.371465,-3.382106,-6.171762,-5.122596,-8.356297,-4.136531,-14.810351,-15.269719,-11.942001,-16.253058,-15.006086,-14.641187,-17.405073,-15.476204,-25.427067,-17.952271,-18.495036,-20.662713,-17.406703,-17.884696,-11.979571,-14.353148,-13.050172,-18.718116,-12.491461,-12.884065,-9.643214,-13.912571,-11.221425,-9.256207,-10.349396,-7.280037,-10.061912,-4.509321,-6.129974,-6.778200,-7.349971,-12.238902,-2.786561,-5.032354,-5.105348,-4.976043,-3.364606,-3.438379,-4.406089,-3.922606,-3.437861,-3.858087,-3.926622
16.000000,-0.001614,-0.001614,-0.001791,-0.002016,-0.002305,-0.002709,-0.003348,-0.004928,-0.565269,-0.592320,-1.101131,-0.589202,-3.370851,-3.395916,-6.698248,-5.618654,-7.296765,-3.955925,-11.397003,-16.378799,-10.943999,-15.138987,-16.264385,-11.754952,-16.481357,-15.466305,-17.083600,-22.302080,-15.065740,-19.059846,-16.819679,-16.440711,-18.212665,-10.696353,-14.035919,-11.834823,-16.231200,-14.452002,-10.887441,-9.897537,-10.639851,-12.860800,-8.984098,-11.740845,-7.330189,-6.668730,-9.504455,-4.527683,-5.553188,-5.148833,-8.333442,-9.158335,-5.937545,-2.820650,-5.586873,-5.084330,-3.876269,-2.256119,-4.483557,-2.284259
17.000000,-0.001433,-0.001433,-0.001578,-0.001756,-0.001985,-0.002292,-0.002744,-0.003595,-0.010616,-0.579018,-1.105417,-0.577798,-2.249293,-2.822520,-4.495459,-4.526396,-5.575769,-7.283693,-3.940720,-9.582962,-16.360576,-9.403078,-13.465040,-16.844172,-9.521330,-13.583606,-15.773924,-15.486157,-17.592547,-19.514727,-16.748245,-17.905611,-15.646626,-14.747732,-16.085945,-10.924556,-13.721789,-10.179810,-15.626215,-14.029374,-10.080246,-10.078743,-9.497356,-13.444365,-8.687814,-8.134289,-11.200935,-5.607441,-6.203174,-8.932902,-4.022392,-6.039074,-4.525274,-7.841156,-7.873736,-6.689755,-3.888534,-2.842839,-4.669424,-4.843088
18.000000,-0.001285,-0.001285,-0.001402,-0.001547,-0.001729,-0.001968,-0.002304,-0.002852,-0.004349,-0.563993,-0.569134,-0.565204,-1.125879,-2.824307,-2.844044,-4.474938,-3.917208,-5.119897,-7.214239,-3.933023,-9.118511,-15.040081,-8.387301,-12.468240,-13.388530,-12.875107,-10.662222,-15.845330,-12.200810,-15.783590,-20.083986,-16.750159,-14.753752,-16.652285,-13.491356,-15.129520,-15.082299,-8.624542,-13.844426,-11.757901,-11.977013,-14.373956,-11.133746,-10.666676,-7.439070,-8.295248,-11.761543,-10.613651,-6.771585,-10.023430,-5.598092,-7.332025,-6.681810,-4.970186,-4.551661,-5.054697,-7.277456,-5.641356,-7.244245,-3.972659
19.000000,-0.001163,-0.001163,-0.001257,-0.001376,-0.001523,-0.001712,-0.001968,-0.002354,-0.003118,-0.012564,-0.563541,-1.115505,-0.567523,-0.577414,-3.360259,-2.820395,-5.076805,-3.340613,-5.055945,-6.726660,-3.928141,-8.991123,-11.631113,-9.712996,-9.587964,-13.973818,-14.570216,-9.070768,-12.288700,-13.395850,-10.716067,-19.619643,-18.971167,-11.868640,-15.287829,-15.509098,-13.393285,-13.713775,-14.307159,-8.993158,-13.495058,-8.376446,-13.462547,-13.421671,-10.115742,-8.950701,-11.138480,-6.176670,-12.023536,-8.734673,-7.840261,-9.508282,-7.451959,-3.978285,-8.748578,-5.597389,-3.930512,-4.474140,-5.597005,-5.642546
20.000000,-0.001061,-0.001061,-0.001137,-0.001235,-0.001353,-0.001506,-0.001706,-0.001991,-0.002474,-0.003945,-0.563001,-0.565542,-0.563492,-0.582411,-1.210411,-2.722076,-3.361393,-5.602350,-2.272790,-5.048917,-6.171767,-4.471811,-6.809889,-11.750738,-11.163182,-7.886379,-10.698369,-16.369591,-8.798805,-10.093832,-14.193015,-10.013555,-11.563961,-19.501933,-16.064310,-12.248358,-13.992881,-15.139385,-12.332786,-14.604717,-13.369055,-7.406794,-13.888306,-7.866343,-10.175866,-14.002865,-10.551711,-8.120758,-11.479854,-8.404225,-5.092049,-11.779062,-8.429365,-6.098795,-10.244832,-5.994650,-4.535873,-8.383866,-6.126997,-1.699575
21.000000,-0.000976,-0.000976,-0.001039,-0.001117,-0.001214,-0.001337,-0.001496,-0.001715,-0.002051,-0.002759,-0.017792,-0.553568,-1.117900,-0.020409,-1.112808,-1.717392,-2.785329,-2.258300,-5.598205,-2.328633,-4.992045,-6.152319,-4.477705,-5.208899,-11.171858,-12.313459,-5.550673,-10.668636,-13.481734,-11.717846,-9.536370,-9.068714,-14.469379,-9.586479,-14.787856,-17.153025,-12.925205,-12.689507,-12.076022,-13.991673,-12.807116,-14.620778,-11.705429,-8.364934,-12.315155,-6.740323,-11.211753,-11.814896,-10.613934,-8.367907,-7.356528,-10.070120,-7.800690,-7.928755,-10.640313,-6.564118,-5.717391,-7.465891,-7.628381,-4.513800
22.000000,-0.000905,-0.000905,-0.000955,-0.001018,-0.001098,-0.001198,-0.001326,-0.001497,-0.001745,-0.002180,-0.003670,-0.562193,-0.563919,-0.562730,-0.566291,-0.571202,-2.913621,-2.151571,-2.304062,-5.535239,-3.395969,-3.390393,-6.130159,-4.477787,-2.899556,-12.290430,-10.740163,-6.093678,-10.083366,-9.561027,-15.680365,-6.753096,-9.479637,-13.053287,-8.878789,-11.194703,-15.147260,-17.897729,-9.562473,-13.428470,-12.915681,-11.278942,-10.686728,-16.102896,-10.093209,-8.386927,-11.220900,-8.397531,-7.939040,-12.809122,-10.153021,-8.870747,-5.061030,-8.420830,-10.696778,-6.665323,-9.005846,-7.863805,-7.233588,-6.714215
23.000000,-0.000845,-0.000845,-0.000884,-0.000935,-0.001001,-0.001082,-0.001186,-0.001321,-0.001510,-0.001810,-0.002482,-0.039110,-0.529589,-1.118828,-0.006803,-0.614966,-1.089970,-2.247629,-3.351637,-2.837944,-3.902984,-3.934850,-2.928667,-6.042813,-3.942904,-2.867509,-10.124343,-10.628799,-7.988382,-7.157194,-8.426501,-14.515827,-10.107800,-9.046026,-8.793532,-11.326606,-8.935602,-11.304810,-15.901681,-15.383704,-8.508803,-11.720746,-15.141601,-11.709267,-9.567695,-13.418977,-10.649641,-9.036221,-9.550438,-6.819343,-10.451187,-10.107729,-11.196652,-7.353036,-5.583544,-6.711196,-8.375096,-9.527833,-6.317672,-8.864781
24.000000,-0.000797,-0.000797,-0.000824,-0.000866,-0.000918,-0.000984,-0.001069,-0.001178,-0.001326,-0.001544,-0.001944,-0.003495,-0.561503,-0.562964,-0.562210,-0.564179,-0.565902,-1.689532,-1.136319,-3.370998,-3.933471,-3.344590,-3.925290,-3.390565,-5.032844,-3.928807,-2.831691,-8.515967,-11.677905,-6.710713,-6.752921,-9.522116,-9.063449,-11.696949,-7.877018,-9.501283,-10.791377,-9.552650,-7.195421,-15.211875,-15.576944,-9.691962,-11.102441,-10.622260,-15.046824,-9.603579,-10.654876,-12.261691,-8.417508,-7.903124,-11.162473,-7.820518,-8.991942,-9.026410,-10.024928,-8.387316,-7.271533,-6.239845,-4.607701,-9.903195
25.000000,-0.000757,-0.000757,-0.000777,-0.000806,-0.000849,-0.000902,-0.000971,-0.001059,-0.001177,-0.001342,-0.001613,-0.002263,-0.561708,-0.005219,-0.567736,-0.556001,-0.565271,-0.567075,-2.247592,-1.152729,-3.336956,-3.956062,-2.786155,-3.917631,-3.387196,-5.032225,-3.393696,-2.815030,-6.741760,-12.344021,-7.790226,-4.535941,-9.525173,-7.390445,-11.574290,-7.924174,-9.534361,-10.089147,-10.633357,-5.697841,-9.083502,-15.050550,-16.215604,-6.117035,-11.771125,-9.536682,-14.071834,-10.597122,-10.109852,-12.288650,-7.321546,-5.019958,-11.366456,-11.577652,-5.128868,-9.475884,-11.190602,-7.852741,-5.667606,-5.535520
26.000000,-0.000723,-0.000723,-0.000737,-0.000758,-0.000790,-0.000833,-0.000889,-0.000960,-0.001054,-0.001182,-0.001378,-0.001753,-0.003403,-0.560884,-0.562330,-0.561831,-0.008667,-1.118490,-0.034073,-2.776176,-1.693057,-1.691748,-5.602845,-2.240999,-3.368521,-3.394904,-5.020140,-2.820184,-2.839689,-7.261005,-9.587739,-9.477849,-4.871193,-6.488083,-8.838989,-9.113798,-8.814040,-6.781567,-10.045178,-11.332373,-7.557435,-6.349050,-9.827693,-16.015149,-13.379451,-5.060059,-12.438688,-7.803722,-14.653450,-11.039138,-6.797337,-14.035774,-8.314070,-3.941656,-8.459514,-9.043739,-9.979591,-6.725275,-10.124104,-8.943613
27.000000,-0.000697,-0.000697,-0.000702,-0.000717,-0.000742,-0.000775,-0.000818,-0.000878,-0.000952,-0.001055,-0.001200,-0.001448,-0.002089,-0.561373,-0.004253,-0.563335,-0.559474,-0.563343,-0.564116,-1.128289,-1.683205,-2.276190,-1.123464,-5.224212,-2.609681,-3.364270,-3.917432,-3.935462,-3.366140,-2.269141,-7.353112,-8.365306,-8.946055,-5.038702,-5.816143,-7.646837,-9.531684,-9.005145,-6.130619,-7.368004,-11.133304,-9.524064,-7.311089,-6.177761,-12.952123,-13.417823,-12.260819,-2.873260,-10.640031,-12.928998,-11.134047,-11.228768,-6.172268,-12.865480,-7.368701,-5.535437,-5.626564,-8.942128,-9.522843,-8.531132
28.000000,-0.000675,-0.000675,-0.000676,-0.000682,-0.000700,-0.000725,-0.000761,-0.000807,-0.000868,-0.000949,-0.001062,-0.001238,-0.001593,-0.003385,-0.560279,-0.561909,-0.561536,-0.004502,-0.564254,-0.563566,-1.134562,-1.681389,-2.799023,-1.247390,-4.365246,-3.364625,-2.823735,-3.905507,-2.823282,-4.474739,-1.708602,-7.836160,-5.780018,-9.962758,-5.108166,-5.521986,-7.278109,-6.308573,-10.543317,-7.964357,-5.457269,-7.350971,-10.258571,-8.198054,-7.863480,-5.849963,-13.825575,-13.524768,-10.493462,-3.384724,-7.914468,-12.881969,-10.144274,-11.635326,-6.749739,-11.755331,-7.843289,-5.586784,-3.978167,-8.984610
29.000000,-0.000658,-0.000658,-0.000652,-0.000655,-0.000665,-0.000683,-0.000711,-0.000747,-0.000796,-0.000861,-0.000949,-0.001080,-0.001306,-0.001940,-0.561034,-0.003029,-0.562005,-0.560807,-0.024415,-1.101021,-0.014292,-1.703179,-1.669469,-2.237643,-2.281808,-3.327036,-2.806866,-3.521975,-3.334409,-3.244256,-3.925637,-1.718348,-6.756625,-6.148838,-8.397886,-5.605371,-5.608978,-7.274357,-5.182243,-7.807840,-9.441724,-6.157168,-5.717302,-7.865861,-10.528952,-7.354242,-6.824597,-8.321619,-11.759068,-12.838182,-9.503672,-5.635070,-6.166012,-10.136504,-9.509803,-13.411470,-7.293497,-8.502758,-8.309054,-7.269279
30.000000,-0.000641,-0.000641,-0.000634,-0.000630,-0.000637,-0.000648,-0.000669,-0.000697,-0.000735,-0.000786,-0.000856,-0.000955,-0.001111,-0.001443,-0.003403,-0.559486,-0.004444,-0.564963,-0.556907,-0.562558,-0.562721,-0.581691,-1.666354,-1.184361,-2.192697,-2.817807,-2.791978,-2.251936,-3.934021,-3.351511,-2.811360,-3.916904,-2.249654,-5.119509,-7.238001,-7.908429,-5.533122,-3.986306,-6.687060,-6.165137,-7.268272,-7.888271,-6.713409,-5.601106,-7.843025,-8.502862,-6.134919,-7.257288,-8.387594,-8.981978,-12.890073,-8.991179,-8.401413,-6.292178,-6.781806,-9.894610,-9.374142,-9.114071,-8.435196,-9.509380
31.000000,-0.000629,-0.000629,-0.000615,-0.000611,-0.000611,-0.000619,-0.000632,-0.000654,-0.000684,-0.000724,-0.000778,-0.000852,-0.000966,-0.001169,-0.001789,-0.560641,-0.001809,-0.005319,-0.574854,-0.548339,-0.562999,-0.560995,-1.123318,-1.124266,-1.143545,-2.231979,-3.373630,-2.243388,-2.243222,-3.938887,-2.782328,-3.368573,-3.366704,-2.243320,-4.509329,-5.782128,-8.309064,-6.139901,-4.430703,-4.520017,-6.707557,-7.286615,-5.607840,-7.301666,-6.748818,-5.007680,-8.499139,-9.423297,-3.816042,-6.363844,-8.946342,-8.949559,-14.060969,-6.652533,-7.272677,-6.742750,-9.517103,-6.202183,-9.524186,-6.737056
32.000000,-0.000619,-0.000619,-0.000603,-0.000592,-0.000590,-0.000593,-0.000602,-0.000616,-0.000640,-0.000672,-0.000714,-0.000772,-0.000854,-0.000992,-0.001300,-0.003489,-0.558691,-0.001815,-0.005163,-0.589924,-1.090534,-0.562075,-0.008301,-1.122781,-1.122925,-2.240789,-1.139329,-4.472399,-1.693551,-1.140218,-4.471083,-2.792516,-2.265329,-4.464992,-1.688065,-2.862125,-6.147787,-9.516535,-5.600980,-3.912352,-4.520796,-6.167870,-5.031595,-7.856661,-5.023482,-6.734194,-5.622038,-5.670909,-10.128726,-6.599656,-4.507294,-6.210360,-9.547285,-7.829021,-14.018797,-5.072018,-5.830780,-7.574519,-8.699546,-8.645363
33.000000,-0.000611,-0.000611,-0.000592,-0.000578,-0.000572,-0.000571,-0.000575,-0.000587,-0.000602,-0.000626,-0.000661,-0.000706,-0.000770,-0.000866,-0.001052,-0.001676,-0.560333,-0.001311,-0.001831,-0.005078,-0.750966,-0.930315,-0.561600,-0.564129,-1.122151,-0.573242,-2.234282,-0.588734,-5.045959,-1.690429,-1.109515,-4.469115,-2.802283,-1.750548,-3.326224,-3.338882,-1.155568,-7.280982,-8.409483,-5.058466,-4.122347,-3.310140,-4.997606,-6.070498,-7.274361,-5.166839,-5.490661,-6.744112,-4.500226,-8.386496,-8.471972,-4.972010,-4.521875,-6.750889,-6.693815,-12.876402,-10.087795,-5.614975,-4.070214,-7.738999
34.000000,-0.000602,-0.000602,-0.000583,-0.000567,-0.000556,-0.000553,-0.000554,-0.000559,-0.000571,-0.000590,-0.000614,-0.000650,-0.000700,-0.000773,-0.000896,-0.001192,-0.003731,-0.558009,-0.001306,-0.001832,-0.004438,-1.125135,-0.560228,-0.558801,-0.565412,-1.120422,-1.126261,-1.680706,-1.147599,-3.909417,-1.705352,-1.667227,-3.917599,-2.814357,-2.236064,-3.362085,-2.240177,-1.705999,-5.660857,-6.767846,-7.765505,-3.928436,-3.341125,-5.049701,-3.972086,-5.016150,-8.938622,-3.943839,-4.001608,-7.227284,-5.071561,-6.812057,-10.043767,-2.604918,-6.280536,-6.206510,-6.727941,-11.760282,-8.961118,-6.691059
35.000000,-0.000596,-0.000596,-0.000573,-0.000557,-0.000544,-0.000538,-0.000535,-0.000538,-0.000544,-0.000557,-0.000577,-0.000605,-0.000642,-0.000697,-0.000785,-0.000959,-0.001605,-0.560093,-0.001054,-0.001302,-0.001838,-0.004045,-1.679491,-0.561479,-0.005310,-0.569515,-1.115089,-1.128264,-1.678383,-2.245121,-2.253959,-2.239397,-1.697389,-3.903108,-2.245822,-1.705699,-3.911243,-2.235592,-1.693918,-2.277339,-7.860311,-8.930746,-4.508623,-2.773151,-4.494479,-4.178615,-4.798651,-5.050330,-6.172856,-5.121304,-5.517254,-3.950147,-8.382988,-7.305729,-6.707562,-3.442200,-4.996368,-7.824197,-5.689039,-9.486743
36.000000,-0.000589,-0.000589,-0.000566,-0.000547,-0.000534,-0.000524,-0.000519,-0.000519,-0.000523,-0.000531,-0.000545,-0.000564,-0.000595,-0.000636,-0.000699,-0.000811,-0.001087,-0.003562,-0.557883,-0.001047,-0.001309,-0.001901,-0.004883,-1.679015,-0.561111,-0.015448,-0.605139,-1.070373,-1.149155,-1.657314,-2.244876,-1.693591,-1.676084,-3.359128,-2.804862,-2.241730,-1.696257,-3.916888,-2.796457,-0.582602,-3.362155,-5.617979,-7.928954,-6.628997,-2.264467,-3.361474,-4.590830,-4.923856,-3.439286,-5.592472,-6.168265,-4.984640,-3.939112,-4.505497,-7.394803,-8.289642,-5.028081,-3.982000,-6.147003,-6.734081
37.000000,-0.000583,-0.000583,-0.000559,-0.000539,-0.000525,-0.000512,-0.000506,-0.000501,-0.000504,-0.000509,-0.000518,-0.000534,-0.000554,-0.000585,-0.000632,-0.000707,-0.000856,-0.001383,-0.560117,-0.000884,-0.001045,-0.001336,-0.002084,-0.040461,-1.644328,-0.560174,-0.562167,-0.566165,-0.566212,-1.680400,-1.125102,-2.245119,-1.678102,-1.127305,-2.811890,-3.908342,-2.242105,-0.033086,-5.030904,-2.801088,-0.557868,-2.273651,-5.586724,-5.087348,-7.803809,-5.591237,-1.699415,-3.392320,-4.467249,-5.030745,-5.600559,-3.379106,-5.050290,-5.042390,-3.923888,-5.929239,-7.083242,-7.720093,-3.378734,-4.540183
38.000000,-0.000575,-0.000575,-0.000553,-0.000533,-0.000515,-0.000504,-0.000494,-0.000488,-0.000486,-0.000489,-0.000495,-0.000506,-0.000523,-0.000546,-0.000578,-0.000632,-0.000726,-0.000952,-0.002422,-0.558876,-0.000876,-0.001052,-0.001392,-0.002578,-0.561699,-0.574018,-1.108923,-0.562009,-0.569577,-1.117725,-1.125485,-1.132925,-2.255913,-1.655929,-1.122948,-1.692802,-3.946389,-2.221786,-1.118380,-3.927545,-2.810971,-1.668614,-1.690730,-3.422454,-5.009816,-7.298398,-5.030135,-4.462955,-3.389203,-2.812585,-4.528379,-3.900907,-5.003830,-3.951983,-3.942579,-5.012205,-5.047714,-5.631262,-6.146242,-8.002882
39.000000,-0.000566,-0.000566,-0.000546,-0.000526,-0.000509,-0.000494,-0.000485,-0.000477,-0.000472,-0.000471,-0.000476,-0.000482,-0.000496,-0.000512,-0.000538,-0.000576,-0.000638,-0.000763,-0.001169,-0.071147,-0.489800,-0.000872,-0.001068,-0.001505,-0.004734,-0.559382,-1.122831,-0.560096,-0.562150,-0.589838,-1.098645,-1.124593,-1.684039,-2.241794,-1.116165,-1.122528,-1.129512,-3.350364,-2.824544,-1.671779,-2.261921,-3.910326,-1.677767,-1.692973,-1.702980,-5.608856,-4.063381,-7.135488,-3.363102,-4.491976,-3.933904,-1.698574,-6.134306,-5.034919,-3.375969,-3.918070,-3.400870,-3.981627,-6.668302,-5.092614
40.000000,-0.000558,-0.000558,-0.000537,-0.000520,-0.000502,-0.000487,-0.000475,-0.000467,-0.000461,-0.000457,-0.000459,-0.000462,-0.000471,-0.000483,-0.000503,-0.000530,-0.000574,-0.000648,-0.000818,-0.001627,-0.559591,-0.000748,-0.000873,-0.001102,-0.001761,-0.560887,-0.002996,-1.121405,-0.561280,-0.562340,-1.122586,-0.566861,-1.122835,-1.691573,-2.239865,-1.109396,-0.570138,-1.123423,-2.804796,-2.803258,-2.734413,-1.209308,-3.355660,-2.822561,-1.100101,-1.689662,-4.504220,-5.582280,-3.397899,-5.575064,-2.841403,-5.576321,-3.900643,-1.187239,-7.231490,-3.367718,-2.809119,-3.380365,-4.471603,-4.516121
41.000000,-0.000549,-0.000549,-0.000529,-0.000512,-0.000495,-0.000480,-0.000468,-0.000458,-0.000450,-0.000445,-0.000445,-0.000446,-0.000450,-0.000459,-0.000473,-0.000495,-0.000524,-0.000574,-0.000667,-0.000924,-0.003356,-0.557659,-0.000743,-0.000882,-0.001172,-0.002509,-0.559985,-0.003281,-1.120451,-0.561779,-0.562525,-1.124905,-0.571946,-1.114722,-2.240669,-1.757902,-1.041325,-0.563876,-1.125224,-1.164383,-3.884251,-1.177917,-2.274023,-3.283293,-2.797873,-2.242427,-1.130947,-2.818601,-5.609786,-3.908318,-2.848060,-5.035692,-3.345858,-6.735332,-1.652167,-2.906243,-5.534669,-3.497231,-3.203325,-3.380355
42.000000,-0.000539,-0.000539,-0.000521,-0.000503,-0.000488,-0.000474,-0.000460,-0.000449,-0.000442,-0.000436,-0.000431,-0.000432,-0.000434,-0.000439,-0.000449,-0.000464,-0.000486,-0.000521,-0.000579,-0.000702,-0.001140,-0.560031,-0.000650,-0.000742,-0.000905,-0.001321,-0.008031,-0.554219,-0.003809,-1.119483,-0.562045,-0.562724,-1.146908,-1.096758,-0.566982,-2.243282,-2.234010,-0.562055,-0.025669,-1.105917,-1.685404,-1.749186,-3.293251,-2.250544,-2.267752,-2.770913,-2.252515,-2.234013,-0.582315,-3.961097,-6.141427,-3.894676,-2.259233,-3.796546,-3.497387,-6.165648,-2.229304,-5.061750,-2.877265,-3.273892
43.000000,-0.000529,-0.000529,-0.000512,-0.000495,-0.000480,-0.000467,-0.000453,-0.000442,-0.000433,-0.000426,-0.000423,-0.000417,-0.000420,-0.000423,-0.000430,-0.000438,-0.000455,-0.000481,-0.000519,-0.000591,-0.000765,-0.001684,-0.559341,-0.000642,-0.000746,-0.000948,-0.001654,-0.560235,-0.001567,-0.005108,-1.117830,-0.015291,-1.109802,-1.125895,-1.117165,-0.566116,-2.250897,-2.226917,-0.009732,-0.557448,-0.573646,-1.689214,-2.227873,-2.243066,-1.688259,-2.803599,-2.818310,-1.120110,-3.910537,-1.119011,-1.147229,-6.735772,-3.347323,-2.836531,-2.215754,-6.157529,-2.266841,-4.476177,-3.902469,-4.067314
44.000000,-0.000518,-0.000518,-0.000502,-0.000488,-0.000472,-0.000459,-0.000447,-0.000435,-0.000426,-0.000416,-0.000413,-0.000409,-0.000406,-0.000407,-0.000413,-0.000420,-0.000429,-0.000448,-0.000476,-0.000521,-0.000613,-0.000882,-0.004063,-0.556744,-0.000636,-0.000752,-0.001010,-0.002429,-0.559302,-0.001616,-0.011272,-1.111297,-0.005597,-1.120072,-1.122022,-1.120201,-0.565500,-2.798672,-1.679526,-0.004152,-0.560914,-0.565489,-0.577436,-2.796540,-1.158269,-2.760345,-2.244576,-2.804402,-1.699792,-2.226047,-3.357512,-0.572169,-4.481245,-3.939234,-4.465172,-1.126457,-1.732559,-6.681387,-3.373566,-2.812073
45.000000,-0.000506,-0.000506,-0.000492,-0.000480,-0.000465,-0.000452,-0.000439,-0.000429,-0.000419,-0.000410,-0.000402,-0.000398,-0.000397,-0.000395,-0.000396,-0.000402,-0.000411,-0.000422,-0.000441,-0.000473,-0.000528,-0.000652,-0.001128,-0.559879,-0.000557,-0.000631,-0.000763,-0.001109,-0.005540,-0.555979,-0.001662,-0.561266,-0.560973,-0.003792,-0.565849,-1.676741,-1.121263,-0.565011,-2.798779,-1.147435,-0.534961,-0.561414,-0.008085,-1.123815,-1.135837,-2.228054,-1.706202,-2.781851,-1.158259,-3.889521,-1.684972,-2.799470,-1.680563,-1.166628,-5.567976,-4.484893,-1.753955,-1.609453,-3.382055,-5.592385
46.000000,-0.000495,-0.000495,-0.000482,-0.000469,-0.000458,-0.000445,-0.000433,-0.000421,-0.000412,-0.000403,-0.000396,-0.000389,-0.000386,-0.000385,-0.000384,-0.000386,-0.000392,-0.000402,-0.000415,-0.000436,-0.000473,-0.000542,-0.000721,-0.001785,-0.559066,-0.000547,-0.000627,-0.000779,-0.001258,-0.560235,-0.001018,-0.001719,-0.560991,-0.560951,-0.003046,-0.567780,-1.674832,-0.574328,-1.112035,-2.244487,-1.677724,-0.558611,-0.561475,-0.004015,-1.124581,-1.122709,-1.688529,-1.679515,-2.800137,-1.132115,-2.257562,-3.340087,-1.682957,-2.263468,-1.669550,-2.815301,-3.378828,-5.568181,-0.592572,-1.666753
47.000000,-0.000483,-0.000483,-0.000471,-0.000460,-0.000448,-0.000438,-0.000426,-0.000416,-0.000405,-0.000396,-0.000389,-0.000383,-0.000377,-0.000373,-0.000374,-0.000374,-0.000377,-0.000383,-0.000394,-0.000408,-0.000433,-0.000476,-0.000568,-0.000853,-0.005265,-0.555351,-0.000540,-0.000625,-0.000807,-0.001542,-0.559833,-0.001004,-0.001807,-0.560649,-0.011975,-0.551715,-1.053049,-0.636855,-0.562056,-1.163625,-2.754120,-1.141141,-1.098630,-0.005544,-0.558817,-0.029545,-2.215623,-1.126421,-1.123076,-2.248035,-2.237478,-1.684286,-3.363860,-1.686112,-1.130882,-2.791759,-1.714402,-3.894832,-2.811351,-4.472953
48.000000,-0.000471,-0.000471,-0.000461,-0.000450,-0.000440,-0.000429,-0.000419,-0.000409,-0.000399,-0.000391,-0.000382,-0.000376,-0.000371,-0.000365,-0.000362,-0.000363,-0.000364,-0.000369,-0.000375,-0.000386,-0.000403,-0.000432,-0.000485,-0.000610,-0.001138,-0.559726,-0.000478,-0.000532,-0.000624,-0.000842,-0.002018,-0.559236,-0.000995,-0.001957,-0.560272,-0.004977,-0.558632,-0.624271,-1.059193,-0.564010,-1.130217,-2.239189,-1.335183,-1.456985,-0.002760,-0.560910,-0.006157,-1.698321,-0.549089,-1.677910,-1.138503,-2.802875,-1.668178,-1.707052,-3.366514,-2.213242,-1.129061,-2.254450,-3.350293,-2.251583
49.000000,-0.000460,-0.000460,-0.000450,-0.000440,-0.000431,-0.000421,-0.000412,-0.000401,-0.000393,-0.000385,-0.000377,-0.000368,-0.000364,-0.000359,-0.000355,-0.000351,-0.000353,-0.000355,-0.000360,-0.000368,-0.000380,-0.000399,-0.000433,-0.000502,-0.000689,-0.001939,-0.558760,-0.000468,-0.000525,-0.000626,-0.000886,-0.002946,-0.558181,-0.000994,-0.002204,-0.559827,-0.003312,-0.560401,-0.565449,-1.116792,-0.022725,-1.667521,-1.683265,-1.229086,-1.583128,-0.542412,-0.561310,-0.003749,-1.124550,-1.119576,-1.681165,-0.009966,-3.358099,-1.684247,-0.568896,-3.921797,-2.793873,-1.123681,-1.138162,-2.801312
50.000000,-0.000450,-0.000450,-0.000439,-0.000431,-0.000421,-0.000412,-0.000405,-0.000395,-0.000386,-0.000378,-0.000371,-0.000364,-0.000356,-0.000352,-0.000348,-0.000346,-0.000342,-0.000343,-0.000346,-0.000352,-0.000362,-0.000374,-0.000397,-0.000438,-0.000531,-0.000838,-0.007578,-0.552870,-0.000459,-0.000519,-0.000632,-0.000954,-0.005828,-0.555149,-0.001001,-0.002620,-0.559233,-0.002591,-0.561486,-0.562237,-1.119051,-0.004431,-1.126950,-2.236841,-1.192697,-1.607646,-0.559376,-0.003621,-0.560421,-0.566594,-1.136945,-0.549752,-1.676786,-1.135783,-2.791543,-1.680543,-1.159815,-3.890681,-1.680415,-1.679993
51.000000,-0.000437,-0.000437,-0.000430,-0.000421,-0.000413,-0.000404,-0.000395,-0.000388,-0.000380,-0.000372,-0.000365,-0.000358,-0.000351,-0.000345,-0.000341,-0.000338,-0.000337,-0.000333,-0.000334,-0.000338,-0.000345,-0.000356,-0.000371,-0.000397,-0.000449,-0.000579,-0.001168,-0.559575,-0.000413,-0.000453,-0.000515,-0.000642,-0.001058,-0.134591,-0.426200,-0.001016,-0.003375,-0.558314,-0.002212,-0.562801,-0.560164,-1.119775,-0.003102,-0.574087,-2.789415,-1.174746,-0.614958,-1.571477,-0.002088,-0.561315,-0.009133,-1.675089,-0.563033,-1.681045,-0.061543,-2.201436,-2.229539,-1.125070,-2.254766,-3.349346
52.000000,-0.000425,-0.000425,-0.000419,-0.000412,-0.000404,-0.000396,-0.000387,-0.000380,-0.000374,-0.000365,-0.000359,-0.000352,-0.000346,-0.000340,-0.000335,-0.000330,-0.000329,-0.000327,-0.000327,-0.000325,-0.000330,-0.000339,-0.000350,-0.000369,-0.000401,-0.000467,-0.000667,-0.002168,-0.558404,-0.000404,-0.000446,-0.000514,-0.000658,-0.001222,-0.559840,-0.000696,-0.001028,-0.004414,-0.557137,-0.002006,-0.566099,-0.556356,-0.571513,-0.551155,-0.009746,-2.258475,-1.703180,-1.078049,-1.123963,-0.553300,-0.005579,-0.560143,-0.570628,-1.113613,-0.569207,-1.675899,-1.240328,-2.682287,-1.130618,-1.135351
53.000000,-0.000414,-0.000414,-0.000408,-0.000403,-0.000395,-0.000388,-0.000380,-0.000373,-0.000366,-0.000359,-0.000352,-0.000347,-0.000340,-0.000334,-0.000331,-0.000324,-0.000320,-0.000320,-0.000319,-0.000319,-0.000318,-0.000324,-0.000332,-0.000346,-0.000368,-0.000408,-0.000501,-0.000834,-0.013404,-0.546896,-0.000398,-0.000439,-0.000512,-0.000679,-0.001455,-0.559523,-0.000683,-0.001033,-0.005568,-0.555875,-0.001914,-0.862061,-0.259941,-0.565791,-0.556797,-0.008303,-2.242340,-1.153223,-1.642512,-1.120716,-0.559557,-0.002369,-0.561801,-0.562744,-1.119817,-0.563249,-0.571916,-1.675363,-1.128469,-2.237008
54.000000,-0.000403,-0.000403,-0.000397,-0.000393,-0.000386,-0.000380,-0.000373,-0.000366,-0.000359,-0.000352,-0.000346,-0.000340,-0.000335,-0.000329,-0.000324,-0.000320,-0.000315,-0.000311,-0.000311,-0.000311,-0.000312,-0.000312,-0.000317,-0.000327,-0.000343,-0.000370,-0.000421,-0.000556,-0.001218,-0.559418,-0.000363,-0.000390,-0.000432,-0.000510,-0.000699,-0.001736,-0.559165,-0.000670,-0.001042,-0.007623,-0.553716,-0.001889,-0.566854,-0.554743,-0.008028,-1.114550,-0.010611,-1.123557,-2.261824,-1.649358,-0.024485,-1.656726,-0.001641,-0.008550,-1.114823,-0.563496,-0.560866,-0.575951,-2.227610,-0.572426
55.000000,-0.000392,-0.000392,-0.000387,-0.000382,-0.000377,-0.000373,-0.000365,-0.000359,-0.000352,-0.000346,-0.000340,-0.000333,-0.000330,-0.000323,-0.000319,-0.000314,-0.000311,-0.000305,-0.000303,-0.000302,-0.000304,-0.000304,-0.000307,-0.000312,-0.000322,-0.000340,-0.000374,-0.000440,-0.000644,-0.002328,-0.558139,-0.000355,-0.000382,-0.000424,-0.000505,-0.000707,-0.001948,-0.558896,-0.000661,-0.001055,-0.012160,-0.549078,-0.001912,-0.562932,-0.558304,-0.004453,-1.118128,-0.027982,-0.542794,-2.262592,-1.098200,-1.116776,-1.121916,-0.557488,-0.002611,-0.567307,-0.569704,-0.654415,-0.460369,-1.121267
56.000000,-0.000382,-0.000382,-0.000377,-0.000372,-0.000368,-0.000364,-0.000358,-0.000352,-0.000346,-0.000340,-0.000333,-0.000328,-0.000322,-0.000319,-0.000313,-0.000310,-0.000304,-0.000302,-0.000297,-0.000294,-0.000294,-0.000296,-0.000298,-0.000301,-0.000307,-0.000318,-0.000338,-0.000379,-0.000468,-0.000787,-0.010497,-0.549736,-0.000346,-0.000372,-0.000415,-0.000494,-0.000696,-0.001939,-0.558878,-0.000648,-0.001047,-0.014862,-0.546317,-0.002015,-0.561455,-0.559385,-0.003040,-1.119580,-0.561290,-0.005152,-1.698907,-1.660995,-1.120113,-0.566392,-1.114567,-0.001717,-0.008914,-1.115618,-0.560063,-0.562013
57.000000,-0.000371,-0.000371,-0.000368,-0.000363,-0.000358,-0.000355,-0.000350,-0.000345,-0.000340,-0.000334,-0.000327,-0.000323,-0.000316,-0.000312,-0.000308,-0.000304,-0.000300,-0.000295,-0.000294,-0.000288,-0.000287,-0.000287,-0.000289,-0.000291,-0.000296,-0.000302,-0.000314,-0.000339,-0.000388,-0.000511,-0.001068,-0.559522,-0.000316,-0.000336,-0.000361,-0.000402,-0.000474,-0.000652,-0.001577,-0.559262,-0.000624,-0.001000,-0.009131,-0.552054,-0.002172,-0.560560,-0.559877,-0.002324,-1.120353,-0.560869,-0.003552,-1.158587,-1.644844,-0.568854,-1.112664,-1.137291,-0.541784,-0.002889,-1.120327,-0.560507
58.000000,-0.000362,-0.000362,-0.000358,-0.000354,-0.000350,-0.000346,-0.000342,-0.000337,-0.000333,-0.000328,-0.000322,-0.000317,-0.000312,-0.000305,-0.000302,-0.000298,-0.000295,-0.000291,-0.000288,-0.000285,-0.000281,-0.000280,-0.000279,-0.000282,-0.000286,-0.000290,-0.000299,-0.000312,-0.000341,-0.000402,-0.000579,-0.001766,-0.558686,-0.000307,-0.000325,-0.000351,-0.000387,-0.000453,-0.000605,-0.001264,-0.559603,-0.000599,-0.000939,-0.005543,-0.555663,-0.002302,-0.559963,-0.560143,-0.001894,-0.061103,-1.620275,-0.002686,-0.569330,-1.675277,-1.119593,-1.119697,-0.033001,-1.647853,-0.001854,-0.018526
59.000000,-0.000352,-0.000352,-0.000349,-0.000345,-0.000342,-0.000337,-0.000334,-0.000330,-0.000326,-0.000321,-0.000317,-0.000312,-0.000306,-0.000301,-0.000296,-0.000293,-0.000289,-0.000286,-0.000283,-0.000279,-0.000278,-0.000274,-0.000272,-0.000273,-0.000275,-0.000280,-0.000286,-0.000295,-0.000312,-0.000346,-0.000425,-0.000695,-0.004819,-0.555433,-0.000300,-0.000314,-0.000339,-0.000374,-0.000432,-0.000559,-0.001033,-0.559857,-0.000569,-0.000855,-0.003223,-0.558024,-0.002288,-0.559662,-0.560299,-0.001592,-0.007400,-1.674074,-0.002145,-0.061978,-2.180416,-0.564090,-0.575832,-1.105394,-1.677486,-0.001380
60.000000,-0.000342,-0.000342,-0.000340,-0.000336,-0.000334,-0.000330,-0.000326,-0.000322,-0.000319,-0.000315,-0.000310,-0.000307,-0.000301,-0.000297,-0.000291,-0.000287,-0.000283,-0.000281,-0.000277,-0.000275,-0.000273,-0.000270,-0.000267,-0.000266,-0.000267,-0.000268,-0.000275,-0.000281,-0.000293,-0.000313,-0.000355,-0.000461,-0.000913,-0.559652,-0.000279,-0.000291,-0.000305,-0.000327,-0.000359,-0.000410,-0.000515,-0.000841,-0.007290,-0.553325,-0.000779,-0.002166,-0.559122,-0.002282,-0.559427,-0.021715,-0.540054,-0.004187,-1.677345,-0.001774,-0.009377,-1.677523,-0.559606,-1.119700,-1.119640,-0.566722
61.000000,-0.000332,-0.000332,-0.000331,-0.000328,-0.000325,-0.000322,-0.000319,-0.000315,-0.000312,-0.000308,-0.000304,-0.000301,-0.000296,-0.000292,-0.000287,-0.000282,-0.000278,-0.000275,-0.000273,-0.000269,-0.000267,-0.000266,-0.000264,-0.000260,-0.000260,-0.000260,-0.000263,-0.000269,-0.000278,-0.000291,-0.000315,-0.000367,-0.000514,-0.001350,-0.559099,-0.000273,-0.000282,-0.000297,-0.000315,-0.000345,-0.000390,-0.000478,-0.000717,-0.002660,-0.558071,-0.000717,-0.001644,-0.559665,-0.002220,-0.559308,-0.005405,-0.556272,-0.003059,-1.678496,-0.001498,-0.005246,-1.121004,-1.117553,-0.563023,-1.120996
62.000000,-0.000324,-0.000324,-0.000321,-0.000320,-0.000317,-0.000315,-0.000311,-0.000308,-0.000305,-0.000302,-0.000297,-0.000295,-0.000291,-0.000287,-0.000283,-0.000278,-0.000273,-0.000270,-0.000267,-0.000265,-0.000261,-0.000260,-0.000260,-0.000257,-0.000254,-0.000253,-0.000256,-0.000257,-0.000264,-0.000275,-0.000289,-0.000319,-0.000383,-0.000592,-0.002484,-0.557819,-0.000265,-0.000275,-0.000287,-0.000305,-0.000332,-0.000373,-0.000447,-0.000629,-0.001600,-0.559202,-0.000660,-0.001301,-0.560019,-0.002081,-0.559309,-0.003073,-0.558512,-0.002422,-1.122974,-0.557453,-0.003481,-1.119941,-0.659950,-0.463972
63.000000,-0.000315,-0.000315,-0.000313,-0.000311,-0.000310,-0.000306,-0.000304,-0.000302,-0.000298,-0.000295,-0.000292,-0.000288,-0.000285,-0.000282,-0.000278,-0.000274,-0.000270,-0.000266,-0.000261,-0.000260,-0.000257,-0.000254,-0.000253,-0.000253,-0.000251,-0.000248,-0.000248,-0.000250,-0.000252,-0.000260,-0.000272,-0.000288,-0.000325,-0.000409,-0.000720,-0.009943,-0.550152,-0.000258,-0.000267,-0.000278,-0.000296,-0.000319,-0.000356,-0.000418,-0.000559,-0.001112,-0.559745,-0.000611,-0.001083,-0.560242,-0.001955,-0.559319,-0.002149,-0.559355,-0.002026,-0.564371,-1.116282,-0.002498,-1.120008,-0.562322
64.000000,-0.000306,-0.000306,-0.000305,-0.000303,-0.000302,-0.000299,-0.000297,-0.000295,-0.000291,-0.000288,-0.000286,-0.000283,-0.000279,-0.000277,-0.000272,-0.000270,-0.000266,-0.000262,-0.000258,-0.000255,-0.000252,-0.000250,-0.000247,-0.000246,-0.000247,-0.000245,-0.000243,-0.000242,-0.000245,-0.000248,-0.000256,-0.000269,-0.000290,-0.000333,-0.000445,-0.000953,-0.559523,-0.000244,-0.000251,-0.000259,-0.000270,-0.000286,-0.000308,-0.000340,-0.000394,-0.000504,-0.000858,-0.010708,-0.549895,-0.000922,-0.005246,-0.556995,-0.559339,-0.001656,-0.559775,-0.001737,-0.561740,-1.119072,-0.001908,-0.569864
65.000000,-0.000297,-0.000297,-0.000297,-0.000295,-0.000294,-0.000293,-0.000290,-0.000288,-0.000285,-0.000282,-0.000279,-0.000277,-0.000274,-0.000271,-0.000268,-0.000265,-0.000261,-0.000259,-0.000254,-0.000251,-0.000247,-0.000245,-0.000244,-0.000240,-0.000240,-0.000241,-0.000240,-0.000237,-0.000237,-0.000240,-0.000244,-0.000253,-0.000267,-0.000292,-0.000347,-0.000500,-0.001446,-0.558917,-0.000237,-0.000244,-0.000252,-0.000262,-0.000277,-0.000296,-0.000326,-0.000372,-0.000462,-0.000708,-0.002720,-0.558015,-0.000804,-0.002541,-0.559605,-0.559463,-0.001316,-0.560058,-0.001525,-0.560879,-0.563089,-0.558464
66.000000,-0.000290,-0.000290,-0.000289,-0.000288,-0.000286,-0.000286,-0.000283,-0.000281,-0.000279,-0.000277,-0.000273,-0.000271,-0.000268,-0.000266,-0.000262,-0.000261,-0.000257,-0.000254,-0.000251,-0.000247,-0.000244,-0.000241,-0.000238,-0.000237,-0.000234,-0.000233,-0.000236,-0.000234,-0.000233,-0.000232,-0.000236,-0.000240,-0.000250,-0.000266,-0.000297,-0.000365,-0.000587,-0.002885,-0.557325,-0.000231,-0.000237,-0.000244,-0.000255,-0.000268,-0.000286,-0.000312,-0.000353,-0.000428,-0.000607,-0.001519,-0.559290,-0.000709,-0.001634,-0.560364,-0.559631,-0.001085,-0.079152,-0.482463,-0.560520,-0.004234
67.000000,-0.000283,-0.000283,-0.000281,-0.000280,-0.000280,-0.000278,-0.000276,-0.000275,-0.000273,-0.000270,-0.000268,-0.000266,-0.000262,-0.000261,-0.000257,-0.000255,-0.000253,-0.000249,-0.000248,-0.000243,-0.000241,-0.000237,-0.000235,-0.000232,-0.000230,-0.000228,-0.000228,-0.000230,-0.000229,-0.000229,-0.000226,-0.000233,-0.000237,-0.000247,-0.000267,-0.000303,-0.000392,-0.000731,-0.018976,-0.541013,-0.000224,-0.000231,-0.000237,-0.000248,-0.000259,-0.000276,-0.000300,-0.000336,-0.000399,-0.000536,-0.001059,-0.559794,-0.000635,-0.001225,-0.560611,-0.559802,-0.000927,-0.005274,-0.556339,-0.560333
68.000000,-0.000275,-0.000275,-0.000274,-0.000273,-0.000272,-0.000272,-0.000270,-0.000268,-0.000266,-0.000266,-0.000262,-0.000260,-0.000257,-0.000255,-0.000253,-0.000250,-0.000248,-0.000245,-0.000243,-0.000240,-0.000237,-0.000234,-0.000231,-0.000229,-0.000225,-0.000225,-0.000222,-0.000223,-0.000224,-0.000225,-0.000224,-0.000223,-0.000227,-0.000235,-0.000246,-0.000268,-0.000312,-0.000430,-0.000979,-0.559437,-0.000212,-0.000218,-0.000224,-0.000231,-0.000241,-0.000251,-0.000267,-0.000289,-0.000320,-0.000374,-0.000483,-0.000821,-0.007825,-0.552808,-0.000989,-0.006484,-1.114164,-0.000807,-0.002586,-0.559017
69.000000,-0.000268,-0.000268,-0.000267,-0.000266,-0.000265,-0.000265,-0.000264,-0.000262,-0.000260,-0.000259,-0.000257,-0.000255,-0.000253,-0.000249,-0.000248,-0.000245,-0.000243,-0.000241,-0.000238,-0.000236,-0.000234,-0.000231,-0.000228,-0.000225,-0.000222,-0.000220,-0.000219,-0.000217,-0.000217,-0.000220,-0.000220,-0.000220,-0.000218,-0.000224,-0.000232,-0.000245,-0.000270,-0.000324,-0.000480,-0.001438,-0.558877,-0.000207,-0.000212,-0.000218,-0.000225,-0.000232,-0.000244,-0.000259,-0.000277,-0.000307,-0.000352,-0.000441,-0.000677,-0.002454,-0.558284,-0.000825,-0.002553,-0.569748,-0.549220,-0.001682
70.000000,-0.000261,-0.000261,-0.000260,-0.000259,-0.000259,-0.000258,-0.000257,-0.000257,-0.000254,-0.000253,-0.000251,-0.000250,-0.000248,-0.000245,-0.000243,-0.000240,-0.000238,-0.000236,-0.000235,-0.000232,-0.000229,-0.000228,-0.000224,-0.000223,-0.000219,-0.000217,-0.000214,-0.000213,-0.000212,-0.000212,-0.000215,-0.000215,-0.000216,-0.000215,-0.000220,-0.000229,-0.000245,-0.000272,-0.000338,-0.000542,-0.002389,-0.557811,-0.000203,-0.000206,-0.000212,-0.000218,-0.000227,-0.000236,-0.000250,-0.000268,-0.000293,-0.000334,-0.000407,-0.000581,-0.001423,-0.559375,-0.000712,-0.001639,-0.563423,-0.556489
71.000000,-0.000253,-0.000253,-0.000254,-0.000253,-0.000252,-0.000252,-0.000251,-0.000250,-0.000249,-0.000247,-0.000246,-0.000245,-0.000242,-0.000241,-0.000238,-0.000236,-0.000233,-0.000232,-0.000230,-0.000228,-0.000226,-0.000223,-0.000221,-0.000219,-0.000217,-0.000214,-0.000211,-0.000209,-0.000208,-0.000207,-0.000207,-0.000210,-0.000211,-0.000212,-0.000212,-0.000216,-0.000227,-0.000245,-0.000276,-0.000355,-0.000634,-0.005764,-0.554287,-0.000198,-0.000201,-0.000206,-0.000212,-0.000220,-0.000230,-0.000242,-0.000258,-0.000281,-0.000317,-0.000379,-0.000513,-0.001005,-0.559830,-0.000630,-0.001230,-0.037039
72.000000,-0.000247,-0.000247,-0.000247,-0.000247,-0.000246,-0.000246,-0.000244,-0.000245,-0.000243,-0.000242,-0.000240,-0.000239,-0.000238,-0.000236,-0.000234,-0.000232,-0.000229,-0.000227,-0.000225,-0.000223,-0.000223,-0.000219,-0.000218,-0.000215,-0.000214,-0.000211,-0.000209,-0.000206,-0.000204,-0.000203,-0.000202,-0.000202,-0.000206,-0.000207,-0.000208,-0.000209,-0.000213,-0.000225,-0.000245,-0.000282,-0.000380,-0.000774,-0.559651,-0.000193,-0.000194,-0.000195,-0.000201,-0.000206,-0.000214,-0.000223,-0.000234,-0.000249,-0.000271,-0.000302,-0.000355,-0.000461,-0.000784,-0.006124,-0.554515,-0.000992
73.000000,-0.000241,-0.000241,-0.000241,-0.000241,-0.000240,-0.000239,-0.000239,-0.000238,-0.000238,-0.000237,-0.000235,-0.000234,-0.000233,-0.000231,-0.000230,-0.000227,-0.000225,-0.000223,-0.000221,-0.000220,-0.000217,-0.000216,-0.000214,-0.000212,-0.000210,-0.000209,-0.000206,-0.000203,-0.000201,-0.000200,-0.000198,-0.000197,-0.000198,-0.000201,-0.000203,-0.000205,-0.000206,-0.000210,-0.000224,-0.000246,-0.000291,-0.000412,-0.001006,-0.559346,-0.000188,-0.000189,-0.000191,-0.000195,-0.000201,-0.000207,-0.000217,-0.000227,-0.000241,-0.000260,-0.000288,-0.000334,-0.000419,-0.000643,-0.002158,-0.558581
74.000000,-0.000235,-0.000235,-0.000235,-0.000235,-0.000234,-0.000234,-0.000233,-0.000232,-0.000233,-0.000231,-0.000230,-0.000229,-0.000228,-0.000226,-0.000226,-0.000223,-0.000221,-0.000219,-0.000217,-0.000215,-0.000214,-0.000211,-0.000211,-0.000209,-0.000206,-0.000205,-0.000204,-0.000201,-0.000199,-0.000196,-0.000195,-0.000193,-0.000193,-0.000194,-0.000197,-0.000199,-0.000201,-0.000203,-0.000209,-0.000222,-0.000248,-0.000302,-0.000457,-0.001435,-0.558827,-0.000184,-0.000185,-0.000186,-0.000190,-0.000196,-0.000201,-0.000210,-0.000220,-0.000233,-0.000251,-0.000275,-0.000314,-0.000385,-0.000547,-0.001258
75.000000,-0.000230,-0.000230,-0.000229,-0.000228,-0.000229,-0.000229,-0.000227,-0.000227,-0.000227,-0.000226,-0.000226,-0.000223,-0.000223,-0.000222,-0.000221,-0.000219,-0.000217,-0.000215,-0.000214,-0.000211,-0.000209,-0.000208,-0.000207,-0.000205,-0.000203,-0.000201,-0.000200,-0.000200,-0.000196,-0.000194,-0.000191,-0.000191,-0.000189,-0.000189,-0.000189,-0.000193,-0.000196,-0.000197,-0.000201,-0.000207,-0.000222,-0.000252,-0.000316,-0.000520,-0.002402,-0.557747,-0.000180,-0.000181,-0.000182,-0.000184,-0.000191,-0.000196,-0.000203,-0.000214,-0.000225,-0.000242,-0.000264,-0.000297,-0.000356,-0.000479
76.000000,-0.000224,-0.000224,-0.000224,-0.000223,-0.000223,-0.000223,-0.000222,-0.000222,-0.000221,-0.000221,-0.000221,-0.000219,-0.000218,-0.000217,-0.000216,-0.000215,-0.000214,-0.000211,-0.000210,-0.000208,-0.000205,-0.000204,-0.000203,-0.000201,-0.000201,-0.000198,-0.000196,-0.000195,-0.000195,-0.000191,-0.000190,-0.000187,-0.000186,-0.000185,-0.000185,-0.000185,-0.000190,-0.000192,-0.000194,-0.000199,-0.000206,-0.000221,-0.000257,-0.000335,-0.000614,-0.005929,-0.554071,-0.000175,-0.000177,-0.000177,-0.000181,-0.000185,-0.000190,-0.000198,-0.000207,-0.000219,-0.000232,-0.000253,-0.000283,-0.000332
77.000000,-0.000218,-0.000218,-0.000219,-0.000218,-0.000217,-0.000218,-0.000218,-0.000216,-0.000216,-0.000216,-0.000215,-0.000215,-0.000214,-0.000212,-0.000212,-0.000210,-0.000210,-0.000208,-0.000206,-0.000204,-0.000202,-0.000200,-0.000200,-0.000197,-0.000196,-0.000196,-0.000193,-0.000192,-0.000190,-0.000191,-0.000187,-0.000185,-0.000183,-0.000182,-0.000181,-0.000181,-0.000182,-0.000185,-0.000189,-0.000192,-0.000196,-0.000205,-0.000223,-0.000263,-0.000360,-0.000757,-0.559623,-0.000169,-0.000171,-0.000173,-0.000174,-0.000176,-0.000180,-0.000185,-0.000193,-0.000200,-0.000212,-0.000224,-0.000244,-0.000269
78.000000,-0.000213,-0.000213,-0.000213,-0.000213,-0.000213,-0.000213,-0.000212,-0.000212,-0.000211,-0.000211,-0.000210,-0.000210,-0.000209,-0.000209,-0.000207,-0.000206,-0.000205,-0.000204,-0.000203,-0.000201,-0.000199,-0.000197,-0.000195,-0.000194,-0.000192,-0.000192,-0.000191,-0.000189,-0.000187,-0.000186,-0.000186,-0.000183,-0.000180,-0.000179,-0.000179,-0.000177,-0.000177,-0.000178,-0.000182,-0.000186,-0.000189,-0.000195,-0.000204,-0.000225,-0.000272,-0.000393,-0.000994,-0.559314,-0.000166,-0.000167,-0.000169,-0.000170,-0.000171,-0.000175,-0.000181,-0.000187,-0.000195,-0.000205,-0.000217,-0.000234
79.000000,-0.000208,-0.000208,-0.000208,-0.000207,-0.000208,-0.000208,-0.000207,-0.000208,-0.000206,-0.000206,-0.000206,-0.000205,-0.000205,-0.000204,-0.000203,-0.000202,-0.000201,-0.000200,-0.000199,-0.000197,-0.000196,-0.000194,-0.000192,-0.000191,-0.000189,-0.000188,-0.000187,-0.000186,-0.000185,-0.000182,-0.000182,-0.000182,-0.000179,-0.000176,-0.000175,-0.000175,-0.000174,-0.000173,-0.000175,-0.000179,-0.000183,-0.000186,-0.000193,-0.000205,-0.000228,-0.000282,-0.000440,-0.001430,-0.558789,-0.000162,-0.000164,-0.000165,-0.000166,-0.000167,-0.000171,-0.000176,-0.000182,-0.000189,-0.000199,-0.000210
80.000000,-0.000203,-0.000203,-0.000203,-0.000203,-0.000203,-0.000203,-0.000203,-0.000202,-0.000202,-0.000202,-0.000201,-0.000201,-0.000200,-0.000199,-0.000200,-0.000198,-0.000197,-0.000196,-0.000195,-0.000194,-0.000192,-0.000191,-0.000189,-0.000188,-0.000186,-0.000185,-0.000183,-0.000183,-0.000181,-0.000180,-0.000179,-0.000178,-0.000178,-0.000174,-0.000173,-0.000171,-0.000171,-0.000171,-0.000170,-0.000171,-0.000176,-0.000180,-0.000184,-0.000191,-0.000204,-0.000231,-0.000295,-0.000493,-0.002201,-0.557923,-0.000159,-0.000160,-0.000161,-0.000162,-0.000164,-0.000167,-0.000171,-0.000177,-0.000183,-0.000193
81.000000,-0.000198,-0.000198,-0.000199,-0.000198,-0.000198,-0.000198,-0.000199,-0.000198,-0.000197,-0.000197,-0.000197,-0.000197,-0.000196,-0.000195,-0.000194,-0.000195,-0.000193,-0.000192,-0.000191,-0.000191,-0.000189,-0.000188,-0.000186,-0.000184,-0.000183,-0.000182,-0.000180,-0.000179,-0.000179,-0.000177,-0.000176,-0.000175,-0.000174,-0.000174,-0.000170,-0.000169,-0.000168,-0.000168,-0.000166,-0.000167,-0.000169,-0.000172,-0.000177,-0.000182,-0.000190,-0.000204,-0.000235,-0.000309,-0.000563,-0.004152,-0.555858,-0.000155,-0.000156,-0.000158,-0.000159,-0.000160,-0.000163,-0.000166,-0.000172,-0.000179
82.000000,-0.000193,-0.000193,-0.000194,-0.000194,-0.000194,-0.000193,-0.000194,-0.000194,-0.000194,-0.000192,-0.000193,-0.000192,-0.000192,-0.000191,-0.000190,-0.000190,-0.000190,-0.000189,-0.000187,-0.000187,-0.000186,-0.000185,-0.000183,-0.000181,-0.000180,-0.000178,-0.000178,-0.000176,-0.000175,-0.000175,-0.000173,-0.000172,-0.000171,-0.000170,-0.000170,-0.000167,-0.000165,-0.000165,-0.000164,-0.000163,-0.000164,-0.000166,-0.000169,-0.000174,-0.000180,-0.000188,-0.000205,-0.000239,-0.000326,-0.000653,-0.014255,-0.545618,-0.000151,-0.000153,-0.000154,-0.000156,-0.000157,-0.000158,-0.000162,-0.000168
83.000000,-0.000190,-0.000190,-0.000189,-0.000190,-0.000189,-0.000190,-0.000189,-0.000189,-0.000189,-0.000189,-0.000189,-0.000188,-0.000187,-0.000188,-0.000186,-0.000186,-0.000186,-0.000185,-0.000184,-0.000183,-0.000182,-0.000182,-0.000180,-0.000179,-0.000177,-0.000176,-0.000174,-0.000173,-0.000172,-0.000171,-0.000171,-0.000170,-0.000168,-0.000167,-0.000167,-0.000166,-0.000163,-0.000162,-0.000161,-0.000161,-0.000160,-0.000160,-0.000163,-0.000166,-0.000172,-0.000177,-0.000188,-0.000205,-0.000243,-0.000344,-0.000761,-0.559570,-0.000148,-0.000148,-0.000150,-0.000150,-0.000152,-0.000154,-0.000155,-0.000158
84.000000,-0.000185,-0.000185,-0.000185,-0.000186,-0.000185,-0.000185,-0.000185,-0.000185,-0.000185,-0.000185,-0.000185,-0.000184,-0.000183,-0.000184,-0.000183,-0.000182,-0.000181,-0.000182,-0.000181,-0.000179,-0.000179,-0.000178,-0.000177,-0.000176,-0.000175,-0.000173,-0.000171,-0.000170,-0.000170,-0.000168,-0.000167,-0.000167,-0.000166,-0.000164,-0.000164,-0.000163,-0.000163,-0.000159,-0.000159,-0.000158,-0.000157,-0.000157,-0.000158,-0.000160,-0.000163,-0.000169,-0.000175,-0.000186,-0.000205,-0.000246,-0.000359,-0.000873,-0.559421,-0.000144,-0.000145,-0.000146,-0.000148,-0.000149,-0.000150,-0.000151
85.000000,-0.000181,-0.000181,-0.000181,-0.000182,-0.000181,-0.000181,-0.000181,-0.000181,-0.000181,-0.000181,-0.000181,-0.000180,-0.000180,-0.000179,-0.000179,-0.000179,-0.000178,-0.000177,-0.000178,-0.000176,-0.000176,-0.000174,-0.000174,-0.000173,-0.000172,-0.000171,-0.000168,-0.000168,-0.000166,-0.000166,-0.000164,-0.000164,-0.000163,-0.000162,-0.000161,-0.000160,-0.000160,-0.000159,-0.000156,-0.000156,-0.000154,-0.000154,-0.000154,-0.000155,-0.000157,-0.000161,-0.000166,-0.000173,-0.000185,-0.000205,-0.000250,-0.000377,-0.001020,-0.559232,-0.000142,-0.000141,-0.000143,-0.000145,-0.000145,-0.000147
86.000000,-0.000177,-0.000177,-0.000178,-0.000177,-0.000177,-0.000178,-0.000177,-0.000177,-0.000177,-0.000177,-0.000177,-0.000176,-0.000176,-0.000176,-0.000176,-0.000175,-0.000174,-0.000174,-0.000173,-0.000174,-0.000172,-0.000171,-0.000171,-0.000170,-0.000169,-0.000168,-0.000167,-0.000164,-0.000164,-0.000163,-0.000162,-0.000160,-0.000160,-0.000160,-0.000159,-0.000157,-0.000157,-0.000157,-0.000155,-0.000153,-0.000152,-0.000152,-0.000151,-0.000151,-0.000152,-0.000154,-0.000158,-0.000164,-0.000171,-0.000184,-0.000205,-0.000255,-0.000399,-0.001222,-0.558984,-0.000138,-0.000139,-0.000140,-0.000142,-0.000142
87.000000,-0.000173,-0.000173,-0.000173,-0.000173,-0.000174,-0.000173,-0.000174,-0.000173,-0.000173,-0.000174,-0.000173,-0.000173,-0.000173,-0.000172,-0.000172,-0.000171,-0.000171,-0.000171,-0.000170,-0.000169,-0.000169,-0.000169,-0.000167,-0.000167,-0.000166,-0.000165,-0.000164,-0.000163,-0.000161,-0.000160,-0.000159,-0.000159,-0.000156,-0.000157,-0.000157,-0.000155,-0.000154,-0.000154,-0.000153,-0.000152,-0.000150,-0.000149,-0.000149,-0.000148,-0.000148,-0.000149,-0.000152,-0.000156,-0.000161,-0.000169,-0.000183,-0.000206,-0.000261,-0.000424,-0.001513,-0.558642,-0.000136,-0.000135,-0.000137,-0.000139
88.000000,-0.000170,-0.000170,-0.000169,-0.000170,-0.000169,-0.000170,-0.000170,-0.000170,-0.000169,-0.000170,-0.000169,-0.000170,-0.000169,-0.000169,-0.000168,-0.000169,-0.000167,-0.000167,-0.000167,-0.000166,-0.000166,-0.000165,-0.000165,-0.000163,-0.000164,-0.000162,-0.000161,-0.000160,-0.000160,-0.000157,-0.000157,-0.000156,-0.000154,-0.000154,-0.000153,-0.000154,-0.000152,-0.000151,-0.000150,-0.000150,-0.000149,-0.000147,-0.000146,-0.000146,-0.000145,-0.000145,-0.000147,-0.000150,-0.000153,-0.000159,-0.000167,-0.000182,-0.000207,-0.000268,-0.000455,-0.001960,-0.558137,-0.000133,-0.000133,-0.000134
89.000000,-0.000165,-0.000165,-0.000166,-0.000166,-0.000166,-0.000166,-0.000167,-0.000166,-0.000166,-0.000166,-0.000166,-0.000166,-0.000165,-0.000166,-0.000165,-0.000165,-0.000165,-0.000163,-0.000164,-0.000163,-0.000162,-0.000162,-0.000162,-0.000161,-0.000160,-0.000159,-0.000159,-0.000158,-0.000157,-0.000155,-0.000154,-0.000153,-0.000153,-0.000151,-0.000151,-0.000150,-0.000150,-0.000149,-0.000148,-0.000147,-0.000147,-0.000146,-0.000144,-0.000143,-0.000143,-0.000143,-0.000142,-0.000144,-0.000148,-0.000150,-0.000157,-0.000165,-0.000181,-0.000208,-0.000273,-0.000483,-0.002498,-0.557548,-0.000130,-0.000131
90.000000,-0.000162,-0.000162,-0.000162,-0.000163,-0.000162,-0.000163,-0.000163,-0.000162,-0.000163,-0.000163,-0.000162,-0.000163,-0.000162,-0.000162,-0.000163,-0.000161,-0.000161,-0.000161,-0.000160,-0.000160,-0.000159,-0.000159,-0.000159,-0.000158,-0.000157,-0.000157,-0.000156,-0.000155,-0.000154,-0.000154,-0.000152,-0.000150,-0.000150,-0.000150,-0.000148,-0.000147,-0.000147,-0.000148,-0.000145,-0.000145,-0.000144,-0.000145,-0.000142,-0.000142,-0.000140,-0.000140,-0.000140,-0.000140,-0.000142,-0.000144,-0.000149,-0.000154,-0.000163,-0.000179,-0.000208,-0.000277,-0.000504,-0.003073,-0.556932,-0.000128
91.000000,-0.000158,-0.000158,-0.000159,-0.000159,-0.000159,-0.000160,-0.000159,-0.000160,-0.000159,-0.000159,-0.000160,-0.000159,-0.000159,-0.000159,-0.000158,-0.000159,-0.000158,-0.000158,-0.000157,-0.000157,-0.000156,-0.000156,-0.000156,-0.000155,-0.000155,-0.000153,-0.000154,-0.000152,-0.000152,-0.000151,-0.000150,-0.000148,-0.000148,-0.000147,-0.000146,-0.000145,-0.000144,-0.000145,-0.000144,-0.000143,-0.000141,-0.000142,-0.000141,-0.000140,-0.000138,-0.000138,-0.000138,-0.000137,-0.000137,-0.000139,-0.000142,-0.000147,-0.000152,-0.000161,-0.000177,-0.000208,-0.000280,-0.000525,-0.003791,-0.556175
92.000000,-0.000155,-0.000155,-0.000155,-0.000156,-0.000156,-0.000156,-0.000156,-0.000156,-0.000156,-0.000156,-0.000157,-0.000156,-0.000156,-0.000155,-0.000156,-0.000156,-0.000155,-0.000155,-0.000154,-0.000154,-0.000153,-0.000153,-0.000153,-0.000152,-0.000152,-0.000151,-0.000150,-0.000150,-0.000149,-0.000149,-0.000148,-0.000146,-0.000146,-0.000144,-0.000144,-0.000143,-0.000142,-0.000142,-0.000141,-0.000141,-0.000140,-0.000139,-0.000139,-0.000139,-0.000137,-0.000135,-0.000136,-0.000135,-0.000134,-0.000135,-0.000137,-0.000139,-0.000144,-0.000150,-0.000160,-0.000175,-0.000208,-0.000283,-0.000549,-0.004878
93.000000,-0.000152,-0.000152,-0.000152,-0.000153,-0.000153,-0.000153,-0.000152,-0.000153,-0.000153,-0.000153,-0.000153,-0.000153,-0.000153,-0.000153,-0.000152,-0.000153,-0.000152,-0.000153,-0.000151,-0.000151,-0.000150,-0.000150,-0.000150,-0.000149,-0.000150,-0.000148,-0.000148,-0.000147,-0.000147,-0.000146,-0.000145,-0.000145,-0.000143,-0.000143,-0.000141,-0.000142,-0.000140,-0.000139,-0.000138,-0.000139,-0.000138,-0.000137,-0.000136,-0.000137,-0.000136,-0.000134,-0.000133,-0.000133,-0.000132,-0.000132,-0.000133,-0.000134,-0.000137,-0.000142,-0.000148,-0.000158,-0.000174,-0.000208,-0.000287,-0.000574
94.000000,-0.000149,-0.000149,-0.000149,-0.000150,-0.000149,-0.000150,-0.000150,-0.000150,-0.000150,-0.000149,-0.000150,-0.000150,-0.000150,-0.000150,-0.000149,-0.000150,-0.000149,-0.000150,-0.000149,-0.000148,-0.000148,-0.000147,-0.000147,-0.000146,-0.000147,-0.000146,-0.000145,-0.000145,-0.000144,-0.000143,-0.000143,-0.000143,-0.000141,-0.000141,-0.000139,-0.000139,-0.000138,-0.000137,-0.000137,-0.000136,-0.000136,-0.000135,-0.000134,-0.000134,-0.000133,-0.000134,-0.000132,-0.000130,-0.000130,-0.000130,-0.000130,-0.000130,-0.000132,-0.000135,-0.000140,-0.000146,-0.000156,-0.000173,-0.000208,-0.000291
95.000000,-0.000146,-0.000146,-0.000146,-0.000146,-0.000147,-0.000147,-0.000147,-0.000146,-0.000147,-0.000147,-0.000147,-0.000147,-0.000147,-0.000147,-0.000147,-0.000146,-0.000147,-0.000146,-0.000147,-0.000146,-0.000145,-0.000144,-0.000144,-0.000144,-0.000144,-0.000143,-0.000143,-0.000142,-0.000142,-0.000141,-0.000140,-0.000140,-0.000140,-0.000138,-0.000138,-0.000136,-0.000137,-0.000135,-0.000135,-0.000133,-0.000134,-0.000133,-0.000133,-0.000131,-0.000131,-0.000131,-0.000132,-0.000129,-0.000128,-0.000127,-0.000128,-0.000127,-0.000128,-0.000130,-0.000133,-0.000138,-0.000144,-0.000154,-0.000172,-0.000208
96.000000,-0.000143,-0.000143,-0.000143,-0.000143,-0.000144,-0.000144,-0.000144,-0.000144,-0.000144,-0.000144,-0.000144,-0.000144,-0.000144,-0.000144,-0.000144,-0.000144,-0.000143,-0.000144,-0.000144,-0.000143,-0.000143,-0.000142,-0.000142,-0.000141,-0.000141,-0.000140,-0.000141,-0.000140,-0.000139,-0.000139,-0.000138,-0.000137,-0.000138,-0.000136,-0.000136,-0.000134,-0.000134,-0.000134,-0.000133,-0.000132,-0.000131,-0.000130,-0.000131,-0.000130,-0.000129,-0.000129,-0.000128,-0.000129,-0.000127,-0.000125,-0.000126,-0.000125,-0.000125,-0.000126,-0.000127,-0.000132,-0.000135,-0.000142,-0.000153,-0.000171
97.000000,-0.000140,-0.000140,-0.000140,-0.000140,-0.000141,-0.000141,-0.000141,-0.000141,-0.000142,-0.000141,-0.000141,-0.000141,-0.000141,-0.000142,-0.000141,-0.000141,-0.000141,-0.000141,-0.000141,-0.000141,-0.000140,-0.000140,-0.000139,-0.000139,-0.000138,-0.000138,-0.000138,-0.000137,-0.000137,-0.000137,-0.000136,-0.000135,-0.000134,-0.000135,-0.000134,-0.000133,-0.000132,-0.000131,-0.000131,-0.000130,-0.000129,-0.000129,-0.000128,-0.000128,-0.000128,-0.000127,-0.000126,-0.000126,-0.000126,-0.000125,-0.000123,-0.000123,-0.000123,-0.000123,-0.000123,-0.000126,-0.000129,-0.000134,-0.000140,-0.000151
98.000000,-0.000137,-0.000137,-0.000137,-0.000138,-0.000138,-0.000138,-0.000139,-0.000138,-0.000138,-0.000139,-0.000139,-0.000138,-0.000138,-0.000139,-0.000139,-0.000138,-0.000138,-0.000139,-0.000138,-0.000138,-0.000138,-0.000138,-0.000137,-0.000136,-0.000136,-0.000135,-0.000136,-0.000135,-0.000134,-0.000134,-0.000134,-0.000133,-0.000133,-0.000132,-0.000132,-0.000131,-0.000130,-0.000129,-0.000129,-0.000129,-0.000127,-0.000127,-0.000126,-0.000126,-0.000125,-0.000126,-0.000124,-0.000123,-0.000124,-0.000125,-0.000122,-0.000121,-0.000120,-0.000121,-0.000121,-0.000121,-0.000124,-0.000127,-0.000131,-0.000139
99.000000,-0.000134,-0.000134,-0.000135,-0.000135,-0.000135,-0.000135,-0.000136,-0.000136,-0.000136,-0.000135,-0.000136,-0.000136,-0.000136,-0.000136,-0.000136,-0.000136,-0.000135,-0.000136,-0.000136,-0.000136,-0.000135,-0.000135,-0.000135,-0.000134,-0.000134,-0.000133,-0.000133,-0.000132,-0.000133,-0.000131,-0.000132,-0.000131,-0.000130,-0.000130,-0.000130,-0.000129,-0.000128,-0.000127,-0.000127,-0.000127,-0.000126,-0.000125,-0.000124,-0.000124,-0.000124,-0.000123,-0.000123,-0.000121,-0.000122,-0.000122,-0.000122,-0.000119,-0.000119,-0.000119,-0.000118,-0.000119,-0.000119,-0.000122,-0.000125,-0.000129
